"DESCRIPTION","DURATION IN MS","NAME","PARENT SUITE","START TIME","STATUS","STOP TIME","SUB SUITE","SUITE","TEST CLASS","TEST METHOD"
"
End-to-End Test Flow:
1. Register a new user.
2. Logout.
3. Login with the registered credentials.
4. Search and add a product to cart.
5. Verify cart contents.
","9076","test_end_to_end_flow","tests","2026-09-03","passed","2026-09-03","","test_end_to_end","",""
"","5268","test_user_registration","tests","2026-09-03","passed","2026-09-03","","test_user_registration","",""
"
Automated Test Case: Verify that a logged-in user can successfully log out of the application.
","3944","test_user_logout","tests","2026-09-03","passed","2026-09-03","","test_user_logout","",""
"","7127","test_valid_user_login","tests","2026-09-03","passed","2026-09-03","","test_login","",""
"","2235","test_product_search","tests","2026-09-03","passed","2026-09-03","","test_product_search","",""
"
Automated Test Case: Verify user can search and add a product to the cart.
","2212","test_add_product_to_cart","tests","2026-09-03","passed","2026-09-03","","test_add_product_to_cart","",""
"","5102","test_login_data_driven[Invalid login-abcxyz@xyz.com-abcxyx-failure]","tests","2026-09-03","passed","2026-09-03","","test_login_data_driven","",""
"","5190","test_login_data_driven[Valid login-jignesh.p@yopmail.com-abc@abc123-success]","tests","2026-09-03","passed","2026-09-03","","test_login_data_driven","",""
"","8144","test_invalid_user_login","tests","2026-09-03","passed","2026-09-03","","test_login","",""
